1101090,dr azadpour phone number
511367,telephone number for nfcu
1029552,what is tosca automation tool
444350,mageirocophobia definition
992652,where is setaf headquarters
82161,cannot uninstall windirstat
787784,what is provocative allergy testing
768411,what is mapanything?
798967,what is spredfast
180887,enu protein shake
492988,saptco bus schedule
1088475,"weather in holmes,ny"
1090945,ryder phone number
193866,general izzam
1100357,ardmore social security office phone number
329958,how much vitamin k in pesto
477286,population of antigonish
1100403,arcadis phone number
1085779,canopius us insurance inc phone number
820027,what is the electron donor for lithotrophy
1062223,what is animsition
1089401,tsca definition malpractice claim
840445,"what is the prentice-hall corporation system, inc."
428819,is there an age limit for using a swegway
774866,what is myfortic
1045135,what is the acceptance rate at wellesley
1090839,adam bossov
1100499,foodborne trematodiases symptoms
1085229,what county is wendelville ny in
860942,what is viastone
1000798,alpha orthodontic
1028752,what is watamote
1088541,"weather in fletcher,nc"
234165,how fast is a saluki
1085510,carewell urgent
788851,what is qualfon
1064808,what is acantholysis
1093438,lickspittle defined
428773,is there a wunderlist app for android
448976,meaning of potsherd
434835,konig class battleship
1020376,what size should amplicons be
1090808,semispinalis function
443081,lotte world skyscraper
482666,prohibition defdinition
1048917,what is operating system misconfiguration
1090374,strategery definition
452572,mems who is the leader
1088444,weather in kashan
986325,where is lapham peak
409071,is ecpi an accredited college in virginia
978802,where is browerville mn
20432,aqsarniit meaning
720013,what is arzoo
1091206,putrescine definition
1002940,when was iheartradio founded
60339,calories in ground beef stroganoff
1101668,denora anodes
435412,lakegirl address
126821,define scooped out
1094996,how tall is tacko fall
605651,what county is emmett ks in
197024,greenhorns meaning
44072,average snowfall in chatsworth ga
478054,population of paducah tx
212477,how deep is lake ouachita
100020,cortana what is the date of the eclipse
610132,what county is neodesha ks
195582,gold price in ksa dammam
1099761,ari fleet repair phone number
1058515,what is cladribine
1085348,what county is polson montana in?
992257,who authored desperation
478295,population of tigard oregon
1092159,northwoods transfer station hours
389258,hughes federal routing number
1051372,cost for child cineplex
292225,how many people died in the molasses flood
748935,what is fraenulum?
780336,what is orthorexia
196111,gorm the dissolver
775355,what is natamycin
985905,where is kl sentral
537995,vittorio cottafavi
194724,gesundheit meaning
61531,campagnolo bikes
544060,weather in dresden august
639084,what does hortensia mean in english
863187,what is wintv
525047,trumbull marriott fax number
760930,what is islet transplantation
1088958,cadi b age
575616,what are the weight an ankole cattle
1091654,phone number for parisian beauty school
1092394,msdcf definition
488676,retinue define
1089763,the miners state bank routing number
990010,where is paihia
61277,calories per brat
559709,what are guitar plectrums
